{"name":"4a9d0b1e-f1b9-4eab-afe8-eeb972ad5fc1","id":"/providers/Microsoft.Flow/flows/4a9d0b1e-f1b9-4eab-afe8-eeb972ad5fc1","type":"Microsoft.Flow/flows","properties":{"apiId":"/providers/Microsoft.PowerApps/apis/shared_logicflows","displayName":"Autopilot Prestager","definition":{"metadata":{"workflowEntityId":null,"creator":{"id":"d2629520-d2e2-4498-bd8b-83ece5c08bf0","type":"User","tenantId":"3cacf549-5e36-41cc-a3de-89459e121def"},"provisioningMethod":"FromDefinition","failureAlertSubscription":true,"clientLastModifiedTime":"2020-07-20T20:55:37.0864088Z"},"$schema":"https://schema.management.azure.com/providers/Microsoft.Logic/schemas/2016-06-01/workflowdefinition.json#","contentVersion":"1.0.0.0","parameters":{"$authentication":{"defaultValue":{},"type":"SecureObject"}},"triggers":{"manual":{"type":"Request","kind":"PowerApp","inputs":{"schema":{"type":"object","properties":{"ParseJSON_Content":{"type":"any","x-ms-powerflows-param-ispartial":false}},"required":["ParseJSON_Content"]}}}},"actions":{"Parse_JSON":{"runAfter":{},"type":"ParseJson","inputs":{"content":"@triggerBody()['ParseJSON_Content']","schema":{"type":"object","properties":{"Version":{"type":"string"},"Id":{"type":"string"},"ZtdId":{"type":"string"},"PKID":{"type":"string"},"SerialNumber":{"type":"string"},"SequenceBlockNumber":{"type":"integer"},"TotalBlocks":{"type":"integer"}}}}},"Respond_to_a_PowerApp_or_flow":{"runAfter":{"Parse_JSON":["Succeeded"]},"type":"Response","kind":"PowerApp","inputs":{"statusCode":200,"body":{"ztdid":"@body('Parse_JSON')?['ZtdId']","id":"@body('Parse_JSON')?['Id']","serialnumber":"@body('Parse_JSON')?['SerialNumber']"},"schema":{"type":"object","properties":{"ztdid":{"title":"ztdid","x-ms-dynamically-added":true,"type":"string"},"id":{"title":"id","x-ms-dynamically-added":true,"type":"string"},"serialnumber":{"title":"serialNumber","x-ms-dynamically-added":true,"type":"string"}}}}}}},"connectionReferences":{},"flowFailureAlertSubscribed":false}}