{"schemaVersion":"1.0","appDefinitionTemplate":{"id":"/providers/Microsoft.PowerApps/apps/","type":"Microsoft.PowerApps/apps","tags":{"primaryDeviceWidth":"1136","primaryDeviceHeight":"640","sienaVersion":"20200720T210408Z-3.20065.16.0","deviceCapabilities":"webcam","supportsPortrait":"false","supportsLandscape":"true","primaryFormFactor":"Phone","publisherVersion":"3.20065.16","minimumRequiredApiVersion":"2.2.0","hasComponent":"false","hasUnlockedComponent":"false","isUnifiedRootApp":"false"},"properties":{"appVersion":"2020-07-20T21:04:08Z","lifeCycleId":"Published","createdByClientVersion":{"major":3,"minor":20065,"build":16,"revision":0,"majorRevision":0,"minorRevision":0},"minClientVersion":{"major":3,"minor":20065,"build":16,"revision":0,"majorRevision":0,"minorRevision":0},"backgroundColor":"rgba(0, 176, 240, 1)","backgroundImageUri":"/10281353850752702860/N1a80ab51-3e14-49e7-af63-dd4aa78e17fb-logoSmallFile","displayName":"Autopilot Prestager","description":"","commitMessage":"","appUris":{"documentUri":{"value":"/10281353850752702860/Nf4be4ad3-1c06-403d-a7e9-5d53cb81659a-document.msapp","readonlyValue":"/10281353850752702860/Nf4be4ad3-1c06-403d-a7e9-5d53cb81659a-document.msapp"},"imageUris":[]},"createdTime":"0001-01-01T00:00:00Z","lastModifiedTime":"0001-01-01T00:00:00Z","sharedGroupsCount":0,"sharedUsersCount":0,"icons":{"smallIconUri":"/10281353850752702860/Ncc6ac5d7-ce98-4ab6-8c0d-962cdb3dbcc0-small.png","mediumIconUri":"/10281353850752702860/N21975c3c-c143-40af-9ec3-e7a5e1b418fe-medium.png","largeIconUri":"/10281353850752702860/Ne3156e5f-ae7f-459c-a0f0-d7a7813bf7f5-large.png","wideIconUri":"/10281353850752702860/N0cda6deb-059c-4899-b261-dcf77c1e7274-wide.png"},"connectionReferences":{"ce7d1250-6deb-4294-856d-8111d3410eae":{"id":"6c16269f-070b-4db5-9c56-78b078971a60","displayName":"Autopilot Prestager","iconUri":"https://prodapiicons.cdn.powerappscdn.net/20200720t000000zd2a3387f150441e3bcaf3a65c43901a2/customconnectoricon.png","dataSources":["AutopilotPrestager"],"dependencies":[],"dependents":[],"parameterHints":{},"isOnPremiseConnection":false,"bypassConsent":false,"dataSets":{},"apiTier":"Standard","isCustomApiConnection":true},"e1f707e6-bb34-473a-8a3f-7ae82fd506b3":{"id":"79edb7c3-f3a8-496a-bea7-cf39c364b152","displayName":"Logic flows","iconUri":"https://resourcestackdeploy.blob.core.windows.net/scripts/13276078.png","dataSources":["AutopilotPrestager_1"],"dependencies":[],"dependents":[],"parameterHints":{"workflowName":{"value":"cf014c52-3f51-4383-b468-9e304a189ce7"}},"isOnPremiseConnection":false,"bypassConsent":false,"dataSets":{},"apiTier":"Standard","isCustomApiConnection":false}},"databaseReferences":{},"almMode":"Environment","performanceOptimizationEnabled":true,"canConsumeAppPass":true},"isAppComponentLibrary":false,"appType":"ClassicCanvasApp","appComponents":[]}}